,Name,Contact,Address
0,TGC Animation & Multimedia,,"South Extension Part I, Delhi, 110049"
1,Eagletfly Solutions,Enquire Now,"Patel Nagar, Delhi, 110008"
2,4achievers Pvt. Ltd.,Enquire Now,
3,Omni Solutions,Enquire Now,"Saket, Delhi, 110017"
4,Tech Vision,Enquire Now,"Tilak Nagar, Delhi, 110018"
5,Training Basket,Enquire Now,
6,COMPUTEC PROFESSIONALS GROUP Delhi's Biggest Campus Since 1996,Enquire Now,"Uttam Nagar, Delhi, 110059"
7,The XL Academy,Enquire Now,"Uttam Nagar, Delhi, 110059"
8,HACKCASA,Enquire Now,"Subhash Nagar, Delhi, 110018"
9,Scode Network,Enquire Now,
10,Pace Career Academy,Enquire Now,
11,Analytics deep,Enquire Now,
12,TECHANDMATE,Enquire Now,"Dwarka, Delhi, 110059"
13,ARTIFICIAL INTELLIGENCE & ROBOTICS,Enquire Now,"Nehru Place, Delhi, 110019"
14,Cyber crime informa agent,Enquire Now,"Tilak Nagar, Delhi, 110089"
15,Digital Paradize,Enquire Now,"Connaught Place, Delhi, 110027"
16,analytics training,Enquire Now,"Mehrauli, Delhi, 110074"
17,UCPL Tech,Enquire Now,"Laxmi Nagar, Delhi, 110092"
18,ANB Services,Enquire Now,"Greater Kailash, Delhi, 110048"
19,DataX : Tableau & Data Science training,Enquire Now,"Mahavir Enclave, delhi, 110045"
20,Sublime Artificial Intelligence Institute,Enquire Now,"Malviya Nagar, Delhi, 110017"
21,Technoman Consulting,Enquire Now,"Dwarka, delhi, 110075"
22,Coding Elements,Enquire Now,"Pitampura, Delhi, 110034"
23,IMS Pro School Pvt. Ltd.,Enquire Now,"Preet Vihar, Delhi, 110092"
24,Rector IT Consulting,Enquire Now,
25,Data Science Training,Enquire Now,"Saket, Delhi, 110074"
26,Excel|Access|VBA|Python|R|SAS|Data Analytics Training,Enquire Now,"Malviya Nagar, Delhi, 110017"
27,Bengal Online Solution,Enquire Now,"Krishna Nagar, Delhi, 741101"
28,IIHT - NORTH DELHI,Enquire Now,"Tri Nagar, Delhi, 110035"
29,Chaudhary & Design Center,Enquire Now,
30,Analytic Square,Enquire Now,"Moti Nagar, Delhi, 110015"
31,AVP Academy,Enquire Now,"Munirka, Delhi, 110067"
32,Analytic Shapers,Enquire Now,"Saket, Delhi, 110030"
33,"Educating SAS,R and Analytics",Enquire Now,"Karol Bagh, Delhi, 110085"
34,finscholars,Enquire Now,
35,Analytix Consulting,Enquire Now,"Delhi, Delhi, 110085"
36,Khanna Computer Institute,Enquire Now,"Tughlakabad, Delhi, 110019"
37,Zenus Infotech india pvt ltd,Enquire Now,
38,OAC Institute,Enquire Now,"Shakarpur Khas, Delhi, 110092"
39,MIS & ANALYTICS TRAINING INSTITUTE,Enquire Now,"Ashok Nagar, Delhi, 110096"
